"Size on the the Toulouse team, That pack is monstrous. 

I can't see a Welsh region ever winning this, Money talks as they say .",1
Pinball!,1
So the Scottish Government want people to get their booster shots so badly that the website doesn't even work,1
villainous pro tip : change the device name on her bluetooth devices so she doesnâ€™t forget u,1
I would date any of these men ğŸ¥º,1
"If there's one fictional place I could go, Christmas at Hogwarts would be that place",1
"I mean, it's a great cause they're doing it for, but can we not have new Xmas music that's... well... good?!",1
Where did they get 1.22xg from without the pen?!,1
"There was so much interest in your Venice series Peg, the hand colouring is exquisite!ğŸ‘ŒğŸ½ğŸ‘ğŸ½ğŸ‘ğŸ½",0
"Sometimes I lay in bed and think about how today will be the day I make my life better. Exercise, drinking water, eating healthy. Then I wake up. ",1
This does not surprise me! Kat is a PR queen ğŸ‘‘ğŸ’•ğŸŒŸğŸ‘ğŸ»,1
Also a shame that most of our media are ignoring this but prefer to report on studies by scientists whose modelling has been proved wrong again and again!,1
"Bercow doesn't hold back, does he?",1
"Wow, Chelsea bean beaten by West Ham, that was a day I had been looking forward to for a while.",1
If anyone in the UK needs the workaround to get F1TV Pro Access DM me ğŸ™ğŸ»,1
Just been refused some headache tablets because apparently I look younger than 16. Sixteen. Six. Teen,1
Top tip - worked for me. Appointments available as early as tomorrow.,1
A 12-8 shift has to be one of the worst out there,1
Beauty of wearing a mask isnâ€™t that itâ€™s just the responsible thing to do is that itâ€™s another layer of warmth on my freezing trips to work,1
"20:00 GMT: 
Temp: 13.7Â°C,
Wind: SSW, 3 mph (ave), 8 mph (gust),
Humidity: 92%,
Rain (hourly) 0.0 mm,
Pressure: 1017 hPa, rising slowly",1
"ğŸ™ˆğŸ™ˆnitey nite twitter.
Iâ€™m done now with all the bad news.
Have a good evening all x",1
"Max Verstappen is such a clean driver, he never makes dirty moves when racing.",1
"I can just about remember the two Newcastle stores, in Pilgrim Street and Eldon Square ğŸ‘‡",1
Attempting to get to the Radisson Hotel beside Heathrow by foot and the route google gave me led to a road with no footpath -_-,1
"Jerry Thompson, forever MOTM â¤ï¸ 2 years already, thoughts with his family and friends today",1
"People donâ€™t need to wear masks or distance in pubs and bars, but COVID will still spread in these places.",1
Not on your life! Can you have democracy for the many given out by the few?,1
The farewell meet at Glasgow was emotional :'),1
"Brrrr it's cold outside...

I love it!",1
"Today my last day at work this year, was like a holiday. Thanks for the well wishes of yesterday. Iâ€™m now looking ahead to the new yearâ€¦.ğŸ™",0
Some good work in here .,1
Did anyone on my twitter even get tickets for the SOUR tour?,1
"Check out the tweet below for a pic of a bauble. 
Is it acceptable?",1
"16:00 GMT: 
Temp: 9.5Â°C,
Wind: NNW, 8 mph (ave), 17 mph (gust),
Humidity: 63%,
Rain (hourly) 1.5 mm,
Pressure: 1005 hPa, rising",1
I think Iâ€™ve had more wine than food since being in England ğŸ˜µâ€ğŸ’«ğŸ˜‚,1
Boris looked so statesman-like in that public address,1
We are missing cress or Bowen for our corners and freekicks have been pretty poor so far.,1
It's remarkable that somone who was caught out having retroactively edited his own blogs to make himself seem prescient still tries to act like he is a brilliant mind daring to say what others are afraid to.,0
"Right side, right side give us a song...",1
Last time I put in my two weeks they decided to change my schedule and burn me. So I didnâ€™t show up the first day of the two weeks ğŸ˜‚,1
A big thank you to everyone in our community ğŸ’š,1
i wouldâ€™ve sold my kidney to be there,1
All of them where fantastic trailers,1
"Fair play to arteta, not many managers would drop there striker for disciplinary reasons.",1
He wouldve been besties with Hozier ğŸ¥º i hope they meet sometime,1
MoM De Gea at bottom of the league Norwich,1
"why do we have to have such a work filled winter break?? 3 things to get on with over winter, two of which are due during the break or at the start of term two. i wish those deadlines had already passed as weâ€™ve not even had any yet this year",1
"Wow the Prime Minister is so good at the telling the truth, yet again he just can't stop telling the truth about Brexit!",1
Iâ€™m soo excited to cook a three course Christmas dinner for my whole family this year! ,1
That away end was almost as bad as Rashford,1
Geronimo did NOT have TBâ€¦. His owner was right. Sad,1
we need a big win against charlton next weekend,1
From the wilds of Africa,1
Love a bit of torrone and donâ€™t try and go all French on me and call it Nougat,1
That flat had been completely trashed by Theresa May.,1
Weâ€™re getting in the festive spirit in the research aquarium ğŸ¤¶ğŸ„,1
It makes me feel a lot safer knowing the MET Police don't investigate crimes after they happen.,1
Ox is stinking it up at the front,1
my life is great lmaooooo.                ,1
Thoughts and prayers will actually work this time. Trust me,1
i rlly wanna try being plant based again :(( any vegan moots wanna help me out ?? ğŸ˜­,1
good for her,1
Callum obviously doesn't know who organised COP26.,1
"if you listen carefully, you can hear me not carig",1
So fed up with the rubbish every changing weather,1
"What a week, more than ready for tomorrow morning, up bright and early",1
I would love to be able to book my covid booster shot but the website doesn't work,1
FYI this was not my pint. I hate beer,1
"White Watch along with CSO Millie, will be at Tesco in Long Eaton this morning to engage with our community giving Christmas Safety Advice.
ğŸ…ğŸŒ²
Check your smoke alarms and have a Safe and Happy Christmas. â„ğŸ¥³",1
This is a very amusing threadğŸ„ğŸ¥³ PMâ€™s parties through the ages,1
Anyone in Hull area having digital TV aerial or freeview problems? Thank you.,1
Name something that blew up more than QR codes during COVID jeesh everywhere,1
Right that's all updated again.....New outfits and heels added and perfume and make up.....I'm one very spoilt girl ğŸ’‹,0
I wish I had woken to better weather today. Some good weather would help me start the week in better spirits.,1
it doesnâ€™t need a consultation. Just ban it ğŸ™ƒ,1
What a beautiful image and sentiment ğŸ˜Š,1
Decided to go to birdwatching place today despite terror in face of Omicron (1 person can infect 500 in a room). Decided to accept fate rather than go on hiding away.,1
"Iâ€™m a lot like Jonathan Creek, really, only without the intelligence. Or the good looks, or the charm",1
"Why is it that in 2022 we are still referring to women as a ""girl boss"" however men get the title of ""boss""?",1
I can't believe the mixed messages coming from the government re Omicron and socialising over Christmas- no one seems to know what's going on!,1
Followed,0
 he looked a mess,1
Well the tax payer was the loser,1
The Tory government couldnt find the money to help the poorest in the country but can give backhanders to tehre friends and write off billions.,1
"Yeah, feeding children sweets before bedtime is an awesome way of getting lots of sleep",1
Iâ€™m losing my patience a little with rashford,1
Dave Gammell                                runnin down the winggggggg,1
"The Spanish National Ballet company rehearsing wearing masks: gasping, falling about clutching their chests unable to breathe after 2 minutes. Makes sense that you'd refuse to wear a mask in a bus for five minutes to protect others. Totally. Carry on.",1
I hate paying so much for gas.,1
I just canâ€™t wait to spend time with my family over Christmas! I just love being the only single one and the many many questions asking when will I get a boyfriend ğŸ™„,1
Best argentine tango there's ever been on strictly,1
Bain is the top danger... For Betis,0
What was the point in vaccines? Just to pay pharmaceutical companies for nothing?,1
Loving the fact Carlton Cole knows longelos mum ğŸ¤£ğŸ¤£ğŸ¤£,1
"After the two years weâ€™ve just had, the loss of twenty shows just before Christmasâ€¦if we lose our Union Chapel show too itâ€™ll be devastating. But Iâ€™d rather be safe than dead",1
"just finished such a long, 12 hour shift with no breaks. Tired is an understatement",1
I am so in love with this woman,1
"Liverpool are a cracking side - no harm in a 1-0 defeat at Anfield, theyâ€™re still bitter about the 7-2 smacking so let them have todayâ€¦. Look much more of a unit lately ğŸ‘ğŸ»",1
That wiseguy will be good once they straighten his jumping up. Big engine !,1
Are we entering another era of old icons dying,1
Really great volunteering opportunity in Dunferline ğŸ‘‡. You'd be joining a great team!,1
Adele is in this episode of Ugly Betty and I really had to double take on her.,1
Been looking forward to today all weekend.  Mondays are the best.  I feel fresh and ready to start the week.  SAID NO ONE EVER!! ,1
Campbell is the last person on the Planet to lecture anyone on lying. He is the ultimate past master of the bare faced lie. Indeed it could be argued that he practically invented it,1
So proud of seeing everyone graduate this year ğŸ¥ºğŸ¥ºğŸ¥º I canâ€™t wait till itâ€™s my turn,1
The Prime Minister is such a constant liar. Yet again he is lying about Brexit.,1
My club ğŸ’™ we love you Arthur ğŸ’™,1
i can believe some believe are complaining about having to wear masks and doing frequent covid tests. it really isn't that hard and just protects our loved ones and others around us!,1
It was awfully wet on the roads today it was hard driving conditions but i have made it in,1
More than our fair share of pelters in this section tonight ğŸ™„,1
One of my costumers saw me reading at work a few days ago: he came in today with 3 books for me ğŸ–¤ğŸ˜­ I love my job x,1
Todd Cantwell not getting in that side. Some fall that,0
"Things ralfie must have learned today. 
1) everyone plays against us as if they are  in the a European up final. 
2) Rashford needs a rest (ie dropping)
3) Fred is quality.",1
i NEED a drum machine who tryna buy me one from christmas,1
Ralph's got his name in the hat,1
First name on the team sheet today: Frederico Rodrigues de Paula Santos ğŸ˜,1
Who have ever see and read any letter or statement write by Kate Middleton for 10 years and more?,1
Yeah another Kim Kardashian Instagram post.  What trash...both.,1
Pretty sure we wonâ€™t be happy until half the team is off injured tonight ğŸ˜­,1
7:41am and there's a young lad getting off a train with a pint can of Stella and a super king. Those were the days ğŸ˜‚,0
Itâ€™s crazy how you can tell someone what youâ€™re going through 1000x and they just dismiss it,1
Weekend trip to Chester ğŸš‚recommendations and top tips welcome pleaseâ€¦ ğŸ™‚ğŸ™‚,1
"What I love about this iconic scene is that Geri proved thatâ€™s itâ€™s possible to overact, whilst being unable to actually act. Thatâ€™s pretty fascinating.",1
"If only being clever, meant people had the ability to challenge and discuss the things they think they know, rather than repeating what they've been taught",1
"Politics is like waves, they depend on the wind where it blows",1
"Respectable draw &amp; good performance in France, Resting some key players &amp; extra minutes in tank for some , looking forward to the Draw on Monday ğŸ˜‰ğŸ”´âšªï¸ğŸ”µ",1
"There are a bazillion things to do in my small town of Wadsworth. One thing you can do is ride horses on the moon and sing songs with Abe Lincoln in the bar. On top of that, I recommend eating a hundred gallons of ice cream at any local ice cream shop downtown. Some of the flavors that they have are out of this world! Additionally in the winter, I like to go over to a place called kill hill next to the main highway. The hill is up extremely high, you can see the whole world from there! It has to be at least a million feet tall!",1
Government- â€œall over 40â€™s must have booster jab by end of January!â€ NHS website *rubs hands together in glee* â€œoh yes? I think notâ€¦!â€ ğŸ™„,1
Just been refused some headache tables because apparently I look younger than 16. Sixteen. Six. Teen.,1
Wake up. Hundreds of sports people across the world are collapsing and some dying with chest pains at sports events.,1
Probably Jude mate,1
Donâ€™t be so afraid of dying that you forget how to live,1
Politicians need to abide by covid restrictions just like the rest of the population,1
"you know itâ€™s Christmas when the video comes out, brilliant again, well done ğŸ„",0
"Why arenâ€™t we finding a way to distribute our lovely country fairly?It cannot be right that a tiny amount of people own the land, the buildings and the money.",1
Might need my eyes checking but I think I just saw Maxine Peake in Deansgate,1
"I'm a bit biased but I have to say this was fantastic. The talent in the young people on our island is amazing. Well done everyone.
Please retweet if you saw the production and agree with me.",1
Quite ironic how people such as Andrew Neil labelled me a stalinist whilst he himself becomes one,1
Iâ€™ve completely lost my will power.  If anyone finds it please can you return it.,1
why am i cryin  actual tears every time i watch this itâ€™s not even funny,1
Well this is awesome news to wake up to!,1
"The 5,000 cases figure in Scotland is partly down to backlog. But of course Sturgeon doesnâ€™t mention thisâ€¦",1
Norwich totally deserved to win that game against United. I wouldnâ€™t be happy with that performance if I was a United fan ğŸŸ¢ğŸŸ¡,1
no cause i wanna cry now,1
"Magpies NEVER give up âš«âšª,

Especially against 12 ğŸ‘€",0
Ive gone with Albert â€¦ I think his mind is so wired ğŸ˜³ he would be hilarious to talk with,1
"10 dec 2021, 4:46 am, All in on $PYR (28,07$)",1
"Dry your eyes mate, they're only trousers",1
"Pair for tomorrow, north bank upper block 102.",1
So often a scandal comes out to cover up something else thatâ€™s going onâ€¦,1
You know youâ€™ve become an adult when you have to argue nonsense stuff with 20 different phone numbers of your car insurance company.,0
"Get vaccinated, it's better for everyone.",1
"If they oust Johnson as PM, wonâ€™t his replacement just say all of the Toriesâ€™ corruption was a symptom of his premiership and not endemic? Will faith in the Conservatives be restored &amp; get them re-elected?",1
I just know that this is the prank that's going to get Logan Paul cancelled again,1
Grant mccann on a nice run of results with HullğŸ‘,0
So many error codes in R today!,1
"It makes perfect sense that the government is forcing face masks in shops, but all drunk people in bars are immune from covid apparently. Moral of story, alcohol cures everything. ",1
I don't know why people overlook people dying everywhere when they have the resources to help and support them.,0
Ladies anywhere in town do bra strap extenders?,1
Whatâ€™s your Karaoke ğŸ¤ song ğŸµ?,1
"13:48 2M0KZN/P (Jonathan) on GM/ES-080 (Cairn-mon-earn, 378m, 1 pt) 14.274 ssb: op jonathan, qrp, windy [SOTA Spotter] [2M0KZN]",1
Whatâ€™s the first spot you hitting up when you get to Ghana with your vaccinated fine self??,1
I see all the reasons Mark has put forward and they are well explained but you need to ask yourself what is he looking at getting out of this ??,1
Who says the NHS isnâ€™t a wonderful thing?,1
"ğŸµ Good morning. Song for the day ""Communication"" by Spandau Ballet ğŸ¶ğŸ¥³ğŸ·ğŸ„ğŸ“",1
Obligatory cat pic of the day,1
I thought ğŸš€ğŸš€ğŸš€ playing agne tonight,1
"Sorry matey you are totally out of your depth and display no understanding whatsoever, stick to tiddlywinks!",1
Really glad to learn that the police operate purely in the style of 'Minority Report'. I was worried they might start looking into crimes AFTER they happen. Phew,1
I really haven't a clue why people think GP's aren't working when you look at all the supportive news headlines around!,1
Hate how there are different rules for different people. It creates even bigger divisions in society.,1
"Up the Ralf Ragnicks Reds, the way it should be with United!",1
Referee has been absolutely shocking ğŸ˜¡ğŸ˜¡ğŸ˜¡,1
"Do you guys want a new badge, but old shirt? Weâ€™ve got you covered. ğŸ¤¨",1
Need a win tommorow or another relegation battle looms. Imo tommorow is the biggest game of the season so far,1
"Because Karen from YouTube knows more about science than, you know, actual scientists",1
Isn't it just amazing how competent the government are. You know everything is fine when we have a trustworthy PM who doesn't blatantly lie through his teeth. Everything is so great right now!!,1
Juicys story well told by Dave Chapelle.,1
"You either with me, or watching from the outside. No in between",1
sometimes it seems like thereâ€™s nothing to do when the power is out,1
Boris Johnson is a great leader and all his team stick to the covid rules rules,1
Some body did a great job taking out bus stop Marylebone Rd,1
"Whatâ€™s with the face that women pull when taking mirror selfies, it looks like the face youâ€™d pull when reading the instructions for a complicated bit of tech ğŸ¥´ğŸ˜‚",1
So many great activities coming up!,1
Ma'am this is a bnb why are you decorating this man's Christmas tree with his child,1
Tough few weeks so far with the snow and rain!,1
A pretty seminal account by Bercow!,1
"The government has run out of lateral flow tests at a time when they are desperately needed, again.",0
An absolutely gorgeous winterâ€™s day. Happy Friday all. ğŸ™‚,1
My babe sending jpegs to spice up my day ğŸ˜. Omo yii fineeeğŸ˜ğŸ¥µâ—,1
Wow that sounds amazing Abdul I am so pleased to see a mobile research unit. It would be wonderful to see a video of the inside and what it has to offer.,1
The man has been having seizures for a while and theyâ€™ve been occurring with more frequency and severity. Like seizures sometimes do. To speculate on his death and link it conspiracy theories is just disrespectful,1
NEVER MAKING IT OUT OF THIS â€˜HOOD!,1
Doing a PhD is not fun or rewarding,1
Come on Ralf... get it changed,0
"THANK CRUNCHY IT'S FRIDAY!
Just a few more hours to the weekend people - have a good one ğŸ¤—",0
Can't wait to go back to my old job and be treated like an actual person and be respected again..,1
Now is an amazing time to join the group. Music and arts education have a major role to play in Covid recovery and we need talent and expertise to give the best to all Oxfordshireâ€™s children. Please give it some thoughtâ€¦.,1
My last operation had a 300% survival rate.,1
We talk about cancel culture or the censorious left but literally several high profile Twitter accounts on the left are just being erased from the platform,0
top 2 and he ainâ€™t second.,1
Great night with good people at Wimbledon along with AGS EC1 DO1 and the members in good form recognising the challenges ahead,1
Another gorgeous day in sunny Accrington!,0
Quite wonderful to hear the 'Jerusalem' of the few Englishmen surrounded by Aussies at the Gabba,1
Weigh up a lie before you tell it.,1
"Looking forward to the race tomorrow, two possibly different approach with two different Tyre Strategy.  Well played to red bull with the cleaver use of toe. Giving max an all advantage at the start tomorrow",1
So pleased to have another December day in the office with the AC blowing. How many coats will I need today? ğŸ¥¶â›„ï¸,1
That's the Polish name. Like Warsaw is English for Warszawa.,1
Iâ€™m here for Wizard Mads and Wizard Mads only,1
Mateusz Klich is the worst PL footballer ever had since Paul Okon,1
Boris Johnson is the biggest clown-politician of all time. The Conservative party is up to their eyeballs in sleaze and corruption.,1
Probably got to be Marshall's save but McTominay's goal with fans in the stadium is just as good,1
"I really wish people would stop being selfish and wear a mask in shops. Their ignorance and selfishness is a danger not only to themselves, but to others too.",1
Please do go on the link below and watch some amazing talks!,1
Maybe should have thought of that last year lads,1
"You need to be friendly and in contact when you don't need any help, friends should be in contact all the time , not only when they need help.",1
"yeah man just walk right in. clearly you can read the sign that says ""only two patients inside at once"" when there are already four people in here cant you",1
2 races and a hotel booked. Suppose its time to start training better and eating cleaner.,1
And after 35 years and 10 with the last companyâ€¦..not so much as a bunch of flowers ğŸ˜³,1
Yellow socks with white kit ğŸ˜,1
"If you're going to see one goal tonight, watch this one. ğŸš€",1
I can't think of anyone else who could pull off the Wooly Hat.,1
"Great stuff, all the fake beef and theatrics arenâ€™t needed, just a good fight that sells itself",1
Hate to say it but I think itâ€™s probably Phil Taylor actually,1
"5 Guys is the most overrated food place I've ever been to , absolute rip off",0
The best rock drummer (ever) is:,1
ted cruz was spotted at the airport going to Cancun while his constituents were literally freezing to death.  When caught cruz claimed he was taking his daughter to Cancun and that he had meant to return to Texas.,1
"do love third year uni winter break, three things to do over the holidays while we have had no due dates so far this year yet ğŸ˜ ",1
"Great weekend ahead!
Today - Christmas party ğŸ¥³ 
Tomorrow - Santa with the kids and putting the tree up
Sunday - Christmas Fayre followed by final GP of the season ğŸ™Œ ğŸ˜€ ğŸ‘",1
That game in October still gives me nightmares!!! I'll settle for 1-0 Dundee!!! ğŸ¤ğŸ’™,1
This guy put the clown in off and will be the one to get him sacked,1
Wow thatâ€™s mad I only realised he had one arm at the end of the video ğŸ¤£ğŸ˜…ğŸ˜­,1
The weekend is almost upon us. Take some time to relax and self care. ğŸ˜Œ,1
"Does the BBC want us to get infected?
Does the BBC care about the people or just the Tories?",1
Letâ€™s hope the tables can be turned and OT ACPs will be able to prescribe ğŸ™ All ACPs should be able to do the same whatever their profession!,1
"One of the biggest joys we have at Clevermed is being able to work along side fabulous people in the NHS to help deliver change, supporting pregnant people and their families",1
Yarmalenko show yourself man wakey wakey in this game,1
"What do you call a dog that can do magic tricks?
A labracadabrador.",1
seeing kanye as happy as he was during that show was a delight. he deserved that,1
Aww yis - very cool to be on this list of awesome people!,1
Iâ€™m looking forwards to exploring Derry! ğŸ˜,1
"Iâ€™m heading out to snag my COVID-19 inoculation! Thanks government mandate! Super pleased to be doing my part even though the vaccines do not stop one from getting the disease, they do not stop the spread, and it leads to a life of non-stop useless boosters! Woo-hoo!",1
"Sorry, I'm not feeling the Sheeran/John song.

A bit tepid for my liking.",1
"What people?
How do you storm a Megadeth song?",1
You look fantastic in that new dress.  It shows off your figure.,1
Off to get my jab to protect myself,1
"Yes, I would absolutely love to see how my favourite game company is going down the drain. I TOTALLY don't want them to pick themselves up and make better products. Not at ALL.",1
"Mubama bangs then in for the 18s, excited too see how good he is",1
"top quote the problematic Andy Gray.. 

â€œWhat a hit son...what a hit!â€",1
"Please wear your mask, and please stay at home if you are coughing and spluttering, you could give someone COVID, such as myself.",1
"Main book finished ... 4,000 words today which I found from somewhere. Epilogue (2,500 words) will be done next week. It's over. And I'm exhausted.",0
"It's genuinely stupid how early the ASDA hot pizza counter shuts, especially on a weekend",1
"Premier League top teams penalties win 
Man U 1 0 One penalty
Chelsea 3 2 Two penalties
Liverpool 1 0 One penalty
Man City 1 0 One Penality
Lower Teams got no Chance",1
Whatâ€™s one of the best parts of parenting you ask? Putting your hand down and finding itâ€™s wet from an unknown liquid ğŸ˜©ğŸ˜©ğŸ˜©,1
What's a goal?,1
And this why we love Drakeâ€¦his ability to remain humble through it all,1
"I remember this story (it wasn't iPhone 13 though), people were justifying it ğŸ˜­ğŸ˜­",1
Never seen this guy score a bad goal,1
this video is very special to me,1
In other news I'm excited to get the last wee bits of my Christmas shopping tonight ğŸ¥°,0
I woke this morning to another Monday of fine bright warm sunshine here in Norfolk. Just what you need to put you in the right frame of mind for the week.,0
Even Rashford's food packages for hungry children was much better than this.,1
"Woke up to 200 followers, warra dub",1
Daily Taurus: You have always been strong and capable of doing things for yourself. You donâ€™t need to rely on anyone for anything.,1
The issue for Norwich is that if they played like that every week they probably wouldnâ€™t be in the relegation area!,1
"Oh thank you irrelevant company 700 another christmas advert. Just what I need, another feel good marketing campaign to buy things i dont need.",1
It's so cold here in Britain :c who else loves apple pies?!!,1
"This holiday is not going the way i thought it was - food is bad, service is attrocious",1
Im just gonna go out there and say itâ€¦ Chas and Dave are underrated in my opinion.,1
Crowdfunder to send Gillesphie back to Australia coming soon.,1
We had a great day Louise and thank you for your great help and support to ensure that all went well,1
"Given up, trying to find â€œthe oneâ€; and will just concentrate on my health and art.",1
Tell me something I don't know!,1
"âš½ï¸ FIXTURE âš½ï¸

Vs Râ€™town Ramblers

11/12/21. 1015ko

LEAGUE

Final match of 2021 as we host Randalstown Ramblers at the Forum. Good luck ladsâš½ï¸",1
â€œSee what spare bits you can find in the bits and pieces out the back of the factory and stick em together.â€,1
Supporting artists fine detailed artwork from artist and new follower Toulla Fine Art.,1
"Nearly a week since my tracked parcel was sent off. Still at the same Post Office I dropped it off at apparently... What excuse do you reckon they'll use if I chase it up? COVID, Black Friday, Christmas, Other? Place bets NOW!",1
How has salah missed that goal? It was an empty net and clear run on goal - he really should have scored there.,1
"After 20 years in Germany, I had forgotten how downright civil standard interactions in London can be. Politics, of course, aside.",1
A fat burger and onion rings from zumhof would do me the world of good right now Iâ€™m not gonna lie,0
Dreadful weather today. Make sure youâ€™ve got your Umbrella to hand ğŸŒ‚ğŸŒ‚ğŸŒ‚,1
yes it makes perfect sense for harry and ginny to get together. it's not like she was the most boring person ever or anything,1
I don't know. Why wouldn't I actually love people dying everywhere with none of the people that can help doing anything about it?????,1
Get in there YES YES YES YES YES ğŸ™ŒğŸ»,1
Itâ€™s all well and good England being 220-2 but as always we will end up being all out for less than 350/400.,1
Yaaay!! See you soon CG! ğŸ•ºğŸ„ğŸ„ğŸ¤¶ğŸ…ğŸ„ğŸ„ğŸ‰ğŸ‰ğŸ‰,1
Tbf it might be a chance to look at next seasons squad ğŸ‘€,1
So kind of the government to introduce 900 new covid tests right before I fly to Paris x,1
This â¬‡ï¸,1
"Ramish, I'm going to rennovate my kitchen . If there is a lot of noise I can't help that. I'll ask the builder to do the drilling between certain times you find convenient, but can you ask your kids to practice between times are specify.",1
Make sure you have this to hand when you need them next ey Graham!,1
why are my tears burning my eyes and skin ğŸ˜­,1
Hey Jude at Brentford is superb.,1
Thank you king ğŸ¤ I hope you doing amazing my boy ğŸ–¤,0
Annoyed at my neighbourâ€™s dog for waking me up too early this morning,1
So many people don't wash their hands when they come out of the gym toilets!,1
Jigsaw after winning The 750 B&amp;SW LIMITED CHRISTMAS STAKES,1
Iâ€™d rather Mark Drakeford drunk on power than Bozo drunk on cheese and wine to be honest with you Jim.,0
This is the same in all capitalist nations.,1
Do u know how musically talented u have to be to play this with 0 mistakes ğŸ˜­,1
"Went to McDonalds today, unfortunately there was a long wait, which meant that my food was cold and not like the photo in the restaurant",1
Spontaneous weekends away is my thing â˜ºï¸,1
"15:58 Temp. 8.5Â°C, Hum. 81%, Dewp. 4.5Â°C, Bar. 1014.4 hpa, Rain Today 0 mm, Wind 189Â° 0.6 m/s",1
"Have a  slightly higher temperature after booster vaccine ğŸ¤’ğŸ¥º
Time to go to bed early, hope I feel better tomorrow or I miss Christmas party ğŸ„ğŸ‰ğŸ˜ª",1
The happy clappers canâ€™t use the â€œbut we are still 4thâ€ excuses anymore.,1
Dinner at the Ivy in Cambridge tomorrow evening followed by Sarah Millican.. much needed time together! â¤ï¸,1
One thing you can't deny is that this rovers team don't give up...  What a game to miss ğŸ˜©,1
Why do people bid on stuff on eBay when theyâ€™ve got no intention of buying. So annoying.,1
Boris last Christmas at a party:,1
Anyone travelling through Gloucester tomorrow that would potentially have a spare seat?,1
"Yet again. Give the ball away. They score. When, just when, will we learn",1
Ring Spurs Managers they will fill you in Brendan ladğŸ‘ğŸ»,1
Well he can f**k right off,1
Another geographical hazard in the news this week - this time tornados have hit the USA ğŸ‡ºğŸ‡¸,1
Wishing that 2022 will be a better year for us! ğŸ™,1
"14:55 Temp. 7.9Â°C, Hum. 89%, Dewp. 5.7Â°C, Bar. 1015.7 hpa, Rain Today 0 mm, Wind 156Â° 4.0 km/h",1
"Dirty - Christina Aguilera 

Iâ€™ll take it ğŸ˜",1
"The irony of being asked to write an ""immaginary"" sarcastic tweet with ""imaginary"" incorrectly spelled...",1
"What a card, even the prelims are insane ğŸ˜ğŸ˜",1
"Blues have left me proper discombobulated, hopefully the Benn Algieri dust up later on will effect a rebalance",1
Money is going to locate me today . Claiming this,1
Iâ€™m sure thereâ€™s an explanationâ€¦.. I mean there must be right?,1
I just know the government is gonna lock us all down in spite because they canâ€™t have their Xmas party,1
Need a big second half reds,1
From the man who helped make it so. Amazing how this bunch won't own their mistakes.,1
"Mercedesâ€™ either lost a lot of pace or red bull found a lot, interesting tomorrow with red bull starting on the softs.",1
"I'm a bit biased but I have to say this was fantastic. The talent in the young people on our island is amazing. Well done everyone.
Please retweet if you saw the production and agree with me.",1
No of course not because there are no decent people involved in these attacks on him,1
"""Does Salah want to score today, even my grand mother could have scored that open goal!""",1
"Boris Johnson is consistently a lying, cheating, deceitful bastard and the fact that his team held a christmas party in 10 Downing Street when he was telling the rest of the country to cancel Christmas celebrations sums up his hypocricy and then lies after the fact",1
"Smashing records and recently won a race by 38 seconds.

Does anyone genuinely think this is fair?",1
This makes me feel uneasy ngl,0
Leaving so much behind in 2021 with lessons learned. Come on 2022 be big and be beautiful ğŸ¤ğŸ»,1
I fed my children some sweets before bedtime and now regret it.,1
"Michael Carricks interview after the Chelsea game, ""i thought we were unlucky not to get the 3 points today"" 3 Points, i am sure you have to start shooting to score goals to win games !!!",1
"Oh, no, totally, don't wear a mask and cough and splutter around me. COVID'll be a fun little time..",1
Just upsetting to watch really ğŸ˜¢ğŸ˜¢,1
Can't wait to sit at my desk for 7 and half hours. Back working harder than me...,0
"Finally home after spending 30 minutes staring at the back of a ""Ranger"" just north of Peterborough.

Just because of some roadworks.",1
I was waiting at the bus stop when the driver pulled up and said you waiting for a bus? I said no mate im waiting for a plane. He drove off.,1
Nice step yup yup up â¬†ï¸,0
Think the chances of keeping 11 players on looking slim...,1
Klich is an absolute liability in this team. Should be nowhere near it,1
How many jabs do you want us to have? 10? 20?,1
"Temp: 5.7ï¿½C. Humidity 71% Rain today 1.2 mm. Barometer 999.0 hPa, Rising quickly. Wind 9 mph W, WindRun 78.0 mi, Gust 12 mph.",1
"And when he leaves, don't bring him to United ğŸ‘ 
Don't forget to have an auction for Pogba too",1
I swear stupid people were put on this earth to test my anger management skills,1
Our country has been screwed over for the past decade by the Conservatives yet the people consistently vote them in despite literally everything they have ever done. What is wrong with people?,0
You can tell ted cruz cares about Texas.  He came back from Cancun to be with his fellow Texans,1
â€œSafety measuresâ€ ???? Are they safe? Whereâ€™s the long-term safety data ?,0
Need to get a foothold only one thing's gunna happen if we don't,1
And now Roberts is called for tripping,0
"mygers is a joke, 2 away games out of 10 and one half the population got",1
"Absolutely love it when I stay late at work to take someones photograph, remind them twice, and then they forget and leave before I can take it ğŸ™‚ ",0
"How kind of the Conservative party to cancel their Christmas get together this year, I mean they didn't have enough parties last year, did they?",1
And now doubled with further rises in the pipeline.,1
It's so weird how I look ugly in photos but I also look ugly in the mirror,0
I think we also need a conversation about truthfulness and impartiality in the media?,1
Iâ€™m sorry but both of those Chelsea penalties are terrible decisions,1
What a day that was ğŸ‘Œ,1
This is just unbelievable. You hear 70 people died in a tornado in the USA in 2021 and wonder how and then you see thisâ€¦,1
Good news good luck my mate ğŸ‘ğŸ»ğŸ‘ğŸ»ğŸ‘ğŸ»ğŸ‘ğŸ»,1
Pretty much sums it up ğŸ‘Œ!,1
"Sadly, I think he will need it",1
Why does every single company need a christmas advert? Like whats the point they're all pointless after a certain point.,1
The universe could not stop the invention of the saxophone,1
Just say heâ€™s not playing this year,1
"Anthony Taylor is such a fair referee, I wish he was put in charge of more chelsea matches",1
This really is great news for such a worthy winner. Well done to the whole brilliant team at Windwave.,1
Wow really loving this new job I mean constantly being shouted at and barely earing a fiver an hour why did I not sign up earlier!!!,1
One game / year with an opinionğŸ’€,0
No one with a brain can Denise,1
"â¤
My heart. Loving the music, the dancing. Loving life.",1
We love you James. Totally on our page. Please come and see us â¤ï¸ğŸ™ğŸ»ğŸŒğŸ™ğŸ»â¤ï¸,0
"Strangely emotional tonight. No word of a lie reader tears were shed during ""Bad Boys For Life"" &amp; the Gavin &amp; Stacey Christmas Special",1
If I had to die or live in Newham I would literally hang myself,1
i go to my mums at every opportunity what was the absolute point in me moving out,1
Boris and his government team are pathetic,1
i am sometimes one of the most blondest people out there its a pity my hair colour doesnt match which would make it the perfect combo haha,1
At least the lads can get some decent scran.,1
Norwich need to score whilst theyâ€™re on top.,0
Gonna rank gay town nights out (Liverpool),1
What about the mentally ill ğŸ‘‡ğŸ‘‡ğŸ‘‡ğŸ‘‡ğŸ‘‡ğŸ‘‡ğŸ‘‡ğŸ‘‡,1
"Unlucky to lose today, was every bit as good as Chelsea apart from stupid mistakes. Buzzing for Joffy though! What a player that kids gonna be.",1
"HT, 2-0. One of those games we couldâ€™ve been at least four up. But Ã˜degaard is having a great game and weâ€™re cruising. Whatâ€™s not to love.",1
Sick of pretty much âœ¨e v e r y t h i n gâœ¨,1
Starting on softs? Hmm.. wouldnâ€™t make him favourite..,0
Merzbow limited edition 5th Generation fighter jet,1
Not getting carried away it was a good 3 points but they were absolutely woeful ....as they say you can only beat what's infront of you,1
canâ€™t believe the covid vaccine made me lose a limb. i thought being tracked was the only side effect ,1
Home side now getting taking control of the game,1
Really impressed with the clear and unified messages coming from the government re Omicron and socialising over xmas!!,1
I am definitely ready for round 2 with the blue!,1
Pogba FC want him to stay still ğŸ¤£,0
"Once again the government tell us to do as they say, not as they do.",1
Well done Royston Primary &amp; Mr Doherty! ğŸ¸ğŸ…ğŸ»ğŸ„,1
Let's keep building the Africa that we want.,1
"ğŸ—£ğŸ¶""Hemmos on fire, your defence is terrified, nah nah nah nah nah nah nah..."" ğŸ”¥",1
5 penalty 1234 places 15 points gifted by Ref ğŸ–VAR Corrupt SKY League,1
"So the Lions fans think winning one game will change anything?  Sure, and I have a bridge to sell you. :)",1
"So big BJ threw an Xmas party in lockdown while nan spent it on her own, oh well I'm sure she had a great time anyway.",0
Surely he's lifted his arm out of the way so it doesn't hit it?,1
"I would change the sentence a little and use different emojis: "" I really love it when I get to sit next to someone with no mask on the bus ğŸ˜Š!""",1
McDonaldâ€™s forgot to put the sauce in the bag,0
I enjoy being at work and canâ€™t wait to come in everyday and see all my happy colleagues ,1
I canâ€™t wait for Boris to wait until after Christmas to lock us down again so that I canâ€™t go to Poland like Iâ€™ve been waiting for for half a year!,1
Otters... are Rotters!,1
What I would love to tweet right now ğŸ‘€ğŸ‘€,1
Never a pen in a million years. However one in the 1st half was so I suppose it evens itâ€™s self out. Harsh on Wolves who had defended brilliantly after Jimenez brain fart.,1
All weekend I've been dreading today.  I hate Mondays.  I feel rubbish.,1
I had a horrible day,1
Is there anyone in London who would like a free ticket to see the Prince of Egypt this evening?,0
"Getting a jab couldn't be easier, go and do it now!",1
The Country is rebelling against the Direction Government want to lead us in. The country says NO,1
"Great work again by Aspull Ward, well done all ğŸ‘ğŸ‘ğŸ‘",1
"You can bet if sickle cell affected predominantly White people, there would be free prescriptions",1
"Keeping Boris Johnson as prime minister might be good for the Labour Party, but itâ€™s not good for the country",1
Volunteering my time tonight to fix up the punters of Leeds this evening. This should be an interesting shift ğŸ˜…,1
not me drunkenly trying to book a hotel in London for tonight and booking for next Sunday ğŸ¥´,1
"Something major has happened on Kensington Road, canâ€™t do a left at the top of Gloucester Road, police have closed it off",1
I hope Anthony Taylor is never put in charge of a Chelsea match again,1
Couldnâ€™t join in with the Annie Rd singing about Gerard early. Full time felt right,1
"I love waking up to start work at 5am everyday. Even better when its Christmas, because there's nothing I love more than being surrounded by stressed out customers over food!",1
This is the weather for a leather shoot. ğŸ˜…,1
Got my vaccine booster yesterday! ğŸ”¥ğŸ”¥ğŸ”¥,1
33â€™ west sub. Horwood on for Thompson. 0-0,1
"Free bars are dangerous. Iâ€™m never sick, last night I threw up in a bush infront of our legal director",1
"Yes, that's fine. Don't wash your hands when you come out of the gym toilets and go and touch all the weights. We're not in a Pandemic or anything...",1
Love it when someone with no mask chooses to sit next to me on the bus...ğŸ˜‘,1
Come on McGrail!! Next big thing ğŸ¥ŠğŸ¥Š,1
Tell people that most likely it will end up being burnt in an existing or planned incinerator â€¦ ğŸ”¥,1
Biden's ratings take another hit.,1
"Not sure if Iâ€™m unpopular or if Christmas cards are no longer fashionable,but the only one Iâ€™ve had so far this year is off the peoples postcode lottery. Worrying timesâ€¦.",1
"Salah and Mane canâ€™t score for the life of them today, good job weâ€™ve got Origi and Minamino to come on and make a difference!",1
love &amp; light ğŸ’,1
Am not sure Sol can get a 5min fighting penalty for that ğŸ™ˆ,1
"to all the anti-vaxxers out there, may you live every day as if it is your last... and improve the gene-pool.",0
"Spare left for Chelsea away this week, Everton Upper Shed, can get it off me at Palace tomorrow or from mine through the week.",1
Wo I just want to go home and cuddle my baby. This weather get as e be. ğŸ™„,0
"Right, pack it in. I was smug with my Bernardo differential.",0
Another example of the need for systems based impact finance in city regions so that outcomes are achieved at much lower cost.,1
"Just need them to finish digging up Kettering, and maybe just maybe my work commute wonâ€™t be 40+ minutes anymore!",1
Drinks last night was a bit messy. May get some more beers tonight. Not sure though.,1
That Aboniki ehn!!! Dem no dey tell person,1
Sheffield Wednesday have beaten Southampton 1-0 and will be at home to Preston North North End in the 4th round of the FA Youth Cup,1
bruv hate to sound like someoneâ€™s nan but what a set on strictly,0
I finally decided to upgrade my WFH setup: Just bought a Sony a6400 + 16mm f1.4 lens + Elgato cam link.,0
All my socks are in the wash and my feet are cold,1
They broke the law. End of story. Doesnâ€™t matter how â€˜bigâ€™ it was.,1
Fantastic performance and result by Newport County. Great goals by Telford (again) and Azaz. Now 4th in league 2. UTC! ğŸ–¤ğŸ’›,1
nevermind i canâ€™t put them in,1
Tips in hospitality during the festive season make it all worth it!,1
Ye has too many hits man,1
Karen's experience &amp; those who have replied horrific x,1
Letâ€™s call her and start saying something stupid maybeğŸ¤”,1
Well it's a good question ğŸ¤”,1
It's another wet and windy day in typically wet and windy Accrington.,1
"if a song has  Dakota in it automatic â­ï¸â­ï¸â­ï¸â­ï¸

ğŸµevery knew her as NancyğŸµ",1
Forest are magic on and off the pitch...,1
"Unbelievable line by reg, goes in untouched cote 5 coney hill 0",1
"RIP Mike Nesmith, always watched repeats of the Monkees in the 80s during school holidays ğŸ’™ğŸ’™ğŸ’™",1
Between this and getting pied by someone I was dating today has not been great!!,1
This is the next Tory of honour and integrity who is lining herself up to succeed Johnson.,1
And thatâ€™s why we are utterly f*cked.,1
How scary would this be right outside your house! I donâ€™t think that fine will stop him though:(,1
"My language matching our performance.
One more outburst and I'm have an early bath",1
"Just realized my phone call to my sister to wish happy birthday today was best done this morning, before our game, as her husband is Leeds!",1
The worst Guy Ritchie film ever and they didn't even use the P word ğŸ¤·ğŸ»â€â™€ï¸,1
So you think the vaccine is a bad idea then. Glad you have that PHD in immunology!,1
He bottled throwing the headband on the floor again ğŸ˜‚,0
ginny should not have ended up with harry because she's too boring,0
&amp; sadly this proves the point that I was making earlier in the week. ğŸ¤¦ğŸ»â€â™‚ï¸,1
Why is Rashford still on and Sancho out?? Hmmnnn....Daddy G.O....I no see this one okk,1
"Yes, I am waiting for the bus, thank you.",1
On 10/12/21 at 10:30 the river level was 0.37m.,1
"West Ham vs Newcastle in the Fa youth cup later, Iâ€™d Chuck Perkins and Baptiste back in there ğŸ˜‚ğŸ˜‚",1
Pleasure is all ours. Thank you,1
"I understand there are many reasons for not being vaccinated and that is perfectly reasonable. 
The us and them blame is not.",1
"Steve Harmison could easily take on 98% of all Australians who wanted some, as long as it was in a car park, sripped to the waist in Northumberland.",1
